date,AAA,BBB,CCC
2025-01-02,100.00,50.00,200.00
2025-01-03,99.92,51.22,198.31
2025-01-06,100.78,52.95,198.16
2025-01-07,99.18,55.05,199.49
2025-01-08,98.46,55.45,201.30
2025-01-09,98.37,58.12,197.29
2025-01-10,100.82,58.94,197.71
2025-01-13,102.45,59.40,196.16
2025-01-14,102.24,59.48,193.67
2025-01-15,103.15,58.54,197.48
2025-01-16,103.42,58.15,196.62
2025-01-17,102.23,58.23,197.06
2025-01-20,101.30,57.73,194.82
2025-01-21,100.12,57.73,196.45
2025-01-22,100.05,54.98,195.11
2025-01-23,100.25,56.20,193.23
2025-01-24,98.26,54.08,191.39
2025-01-27,99.48,54.29,193.55
2025-01-28,99.55,54.41,197.88
2025-01-29,99.39,54.26,199.73
2025-01-30,99.04,53.51,195.17
2025-01-31,100.87,54.51,194.26
2025-02-03,100.68,55.16,201.05
2025-02-04,100.50,56.11,202.17
2025-02-05,101.35,55.27,201.24
2025-02-06,101.37,56.57,201.84
2025-02-07,102.30,55.26,198.55
2025-02-10,102.43,55.56,198.08
2025-02-11,102.53,54.15,196.22
2025-02-12,103.96,55.02,195.40
2025-02-13,103.91,53.86,196.98
2025-02-14,102.88,55.12,199.85
2025-02-17,101.45,53.00,197.25
2025-02-18,101.54,51.46,193.56
2025-02-19,100.46,51.17,194.71
2025-02-20,101.34,51.26,195.58
2025-02-21,101.69,52.79,197.16
2025-02-24,101.36,52.92,194.27
2025-02-25,100.63,53.62,196.35
2025-02-26,100.58,52.37,194.82
2025-02-27,101.28,51.93,197.26
2025-02-28,102.29,50.88,198.72
2025-03-03,100.94,50.61,199.01
2025-03-04,103.17,50.66,196.77
2025-03-05,102.44,49.83,193.84
2025-03-06,101.11,50.30,192.07
2025-03-07,102.93,51.00,189.53
2025-03-10,104.38,48.79,190.22
2025-03-11,105.52,47.37,189.65
2025-03-12,104.75,46.46,190.17
2025-03-13,106.05,45.80,189.83
2025-03-14,105.94,45.72,190.11
2025-03-17,104.31,45.78,190.21
2025-03-18,103.55,44.60,190.11
2025-03-19,102.10,44.22,190.84
2025-03-20,103.18,43.47,187.62
2025-03-21,104.58,44.47,185.40
2025-03-24,103.39,44.17,183.78
2025-03-25,103.23,,177.56
2025-03-26,103.72,44.01,181.48
2025-03-27,102.38,43.35,179.73
2025-03-28,103.50,41.66,180.00
2025-03-31,102.35,41.24,178.93
2025-04-01,100.78,40.53,177.12
2025-04-02,99.84,39.39,174.64
2025-04-03,99.45,39.55,175.84
2025-04-04,98.51,39.63,176.91
2025-04-07,99.89,39.73,177.21
2025-04-08,99.92,41.73,179.94
2025-04-09,98.34,41.23,181.47
2025-04-10,98.74,39.06,180.41
2025-04-11,97.18,38.50,180.63
2025-04-14,98.90,38.00,179.90
2025-04-15,97.59,38.28,184.62
2025-04-16,97.12,39.02,185.10
2025-04-17,97.36,39.13,179.94
2025-04-18,96.53,37.36,185.21
2025-04-21,95.48,36.97,181.80
2025-04-22,95.78,36.70,186.88
2025-04-23,94.12,35.55,187.07
2025-04-24,95.26,36.10,187.37
2025-04-25,93.90,35.71,188.39
2025-04-28,92.59,34.94,188.08
2025-04-29,92.47,34.79,189.76
2025-04-30,90.20,33.99,189.03
2025-05-01,90.20,33.98,185.59
2025-05-02,89.48,34.50,186.68
2025-05-05,89.84,34.28,187.48
2025-05-06,89.76,33.43,187.69
2025-05-07,90.70,32.41,190.82
2025-05-08,89.80,32.52,192.13
2025-05-09,90.64,31.89,193.63
2025-05-12,90.66,31.63,194.22
2025-05-13,90.15,31.06,191.98
2025-05-14,90.39,30.71,190.56
2025-05-15,89.62,31.40,191.00
2025-05-16,89.05,30.86,189.37
2025-05-19,88.52,30.80,190.80
2025-05-20,88.73,30.06,192.55
2025-05-21,88.63,29.70,194.37
2025-05-22,86.54,29.41,198.17
2025-05-23,87.98,29.12,196.05
2025-05-26,89.74,28.98,190.88
2025-05-27,89.11,28.27,191.14
2025-05-28,89.98,28.05,193.92
2025-05-29,90.57,28.93,192.26
2025-05-30,90.16,28.35,191.83
2025-06-02,89.97,28.82,192.11
2025-06-03,91.09,30.18,191.70
2025-06-04,89.47,30.01,193.14
2025-06-05,90.32,30.90,193.51
2025-06-06,91.63,30.02,190.01
2025-06-09,90.99,30.84,194.84
2025-06-10,92.55,30.96,196.82
2025-06-11,93.41,31.79,197.13
2025-06-12,94.60,31.16,197.62
2025-06-13,94.52,31.25,195.07
2025-06-16,93.44,30.46,192.10
2025-06-17,93.07,30.22,189.93
2025-06-18,90.73,29.08,192.00
2025-06-19,89.91,29.01,196.81
2025-06-20,90.61,28.46,199.48
2025-06-23,89.76,28.01,198.93
2025-06-24,90.17,28.51,200.84
2025-06-25,92.29,27.04,204.95
2025-06-26,91.75,26.47,203.15
2025-06-27,92.12,25.92,206.54
2025-06-30,90.54,26.12,208.88
2025-07-01,91.53,26.77,206.68
2025-07-02,92.53,26.61,208.54
2025-07-03,91.87,26.30,215.10
2025-07-04,90.89,26.95,214.54
2025-07-07,90.46,27.19,217.75
2025-07-08,89.21,27.17,217.12
2025-07-09,89.79,27.84,220.09
2025-07-10,90.89,27.89,218.09
2025-07-11,91.03,27.50,217.10
2025-07-14,89.21,28.26,218.30
2025-07-15,90.86,28.46,222.36
2025-07-16,91.37,28.03,226.75
2025-07-17,91.64,27.37,225.79
2025-07-18,90.00,27.29,229.05
2025-07-21,89.91,27.44,231.83
2025-07-22,89.98,27.24,237.38
2025-07-23,90.10,26.90,236.34
2025-07-24,90.72,26.92,234.58
2025-07-25,89.88,27.95,239.12
2025-07-28,89.41,28.16,235.70
2025-07-29,88.66,28.48,234.19
2025-07-30,88.45,28.41,231.96
2025-07-31,86.66,28.67,233.37
2025-08-01,87.63,28.67,231.19
2025-08-04,88.12,29.12,228.90
2025-08-05,88.90,28.99,230.75
2025-08-06,88.76,29.36,236.24
2025-08-07,89.07,29.42,238.60
2025-08-08,88.59,29.89,240.92
2025-08-11,90.20,29.05,240.84
2025-08-12,88.95,28.81,242.19
2025-08-13,87.61,30.04,241.41
2025-08-14,87.49,31.21,240.12
2025-08-15,87.68,33.03,236.21
2025-08-18,90.07,33.37,235.46
2025-08-19,91.16,33.16,235.38
2025-08-20,91.75,33.79,238.62
2025-08-21,90.86,33.40,239.33
2025-08-22,89.88,34.17,238.89
2025-08-25,88.89,33.41,234.28
2025-08-26,89.70,33.97,228.80
2025-08-27,90.68,32.73,228.89
2025-08-28,91.60,32.74,227.83
2025-08-29,90.65,34.05,228.26
2025-09-01,89.20,32.70,226.33
2025-09-02,89.30,32.97,227.51
2025-09-03,89.80,32.60,224.47
2025-09-04,90.03,33.76,227.87
2025-09-05,90.84,32.40,231.55
2025-09-08,91.71,31.41,221.67
2025-09-09,93.05,33.08,221.17
2025-09-10,93.90,32.74,216.93
2025-09-11,92.21,32.63,216.75
2025-09-12,91.52,32.32,212.25
2025-09-15,91.31,32.74,205.40
2025-09-16,93.26,32.44,205.47
2025-09-17,92.54,32.25,206.50
2025-09-18,92.23,31.57,206.82
2025-09-19,92.02,31.69,212.33
2025-09-22,92.78,32.00,214.53
2025-09-23,92.46,32.79,213.40
2025-09-24,92.78,33.20,210.54
2025-09-25,91.35,33.44,209.02
2025-09-26,91.47,33.38,207.65
2025-09-29,92.71,34.38,209.02
2025-09-30,93.33,33.40,207.90
2025-10-01,93.11,32.98,208.70
2025-10-02,94.05,32.62,209.97
2025-10-03,94.98,32.02,210.44
2025-10-06,95.44,32.17,209.25
2025-10-07,96.21,31.97,210.52
2025-10-08,97.38,32.39,213.78
2025-10-09,96.60,31.60,207.77
2025-10-10,95.96,31.65,213.12
2025-10-13,96.70,32.64,210.64
2025-10-14,98.61,31.97,206.56
2025-10-15,98.51,31.58,208.88
2025-10-16,97.39,31.75,209.68
2025-10-17,98.77,31.24,210.16
2025-10-20,98.44,30.77,211.94
2025-10-21,98.01,30.37,213.88
2025-10-22,95.42,30.17,215.47
2025-10-23,95.30,29.60,215.73
2025-10-24,95.97,31.55,206.77
2025-10-27,94.90,30.85,208.74
2025-10-28,95.88,30.66,210.39
2025-10-29,94.76,31.87,208.58
2025-10-30,94.10,31.88,206.93
2025-10-31,93.07,31.92,208.37
2025-11-03,92.11,30.55,206.91
2025-11-04,90.54,31.06,203.05
2025-11-05,90.16,31.37,199.23
2025-11-06,89.71,31.34,200.10
2025-11-07,89.37,30.65,200.79
2025-11-10,89.53,30.27,204.51
2025-11-11,87.81,30.20,201.88
2025-11-12,88.25,30.84,204.53
2025-11-13,88.79,31.01,204.44
2025-11-14,88.59,29.55,201.45
2025-11-17,89.13,28.50,202.27
2025-11-18,89.01,28.12,203.82
2025-11-19,90.82,28.76,208.50
2025-11-20,91.89,27.68,205.42
2025-11-21,92.71,27.61,200.85
2025-11-24,91.26,27.35,203.44
2025-11-25,91.24,27.17,201.95
2025-11-26,91.94,27.72,202.41
2025-11-27,92.92,28.39,201.53
2025-11-28,92.84,28.44,201.91
2025-12-01,94.96,27.32,198.41
2025-12-02,95.46,27.87,206.69
2025-12-03,94.79,28.57,205.76
2025-12-04,94.10,28.01,205.02
2025-12-05,94.68,27.45,202.19
2025-12-08,95.57,28.31,202.43
2025-12-09,96.21,27.74,203.71
2025-12-10,96.05,28.36,204.60
2025-12-11,97.27,28.57,204.00
2025-12-12,95.70,29.05,201.58
2025-12-15,95.08,29.07,202.79
2025-12-16,95.28,29.53,202.01
2025-12-17,96.23,28.39,198.31
2025-12-18,96.77,27.79,195.87
2025-12-19,95.65,27.22,194.60
